year,quarter,statement,market,endpoint,status,matched_companies
2013,1,income_statement,sii,ajax_t163sb04,ok,27
2013,1,income_statement,otc,ajax_t163sb04,ok,4
2013,1,balance_sheet,sii,ajax_t163sb05,ok,27
2013,1,balance_sheet,otc,ajax_t163sb05,ok,4
2013,1,cash_flow,sii,ajax_t163sb20,ok,27
2013,1,cash_flow,otc,ajax_t163sb20,ok,4
2013,2,income_statement,sii,ajax_t163sb04,ok,28
2013,2,income_statement,otc,ajax_t163sb04,ok,4
2013,2,balance_sheet,sii,ajax_t163sb05,ok,28
2013,2,balance_sheet,otc,ajax_t163sb05,ok,4
2013,2,cash_flow,sii,ajax_t163sb20,ok,28
2013,2,cash_flow,otc,ajax_t163sb20,ok,4
2013,3,income_statement,sii,ajax_t163sb04,ok,28
2013,3,income_statement,otc,ajax_t163sb04,ok,4
2013,3,balance_sheet,sii,ajax_t163sb05,ok,28
2013,3,balance_sheet,otc,ajax_t163sb05,ok,4
2013,3,cash_flow,sii,ajax_t163sb20,ok,28
2013,3,cash_flow,otc,ajax_t163sb20,ok,4
2013,4,income_statement,sii,ajax_t163sb04,ok,29
2013,4,income_statement,otc,ajax_t163sb04,ok,4
2013,4,balance_sheet,sii,ajax_t163sb05,ok,29
2013,4,balance_sheet,otc,ajax_t163sb05,ok,4
2013,4,cash_flow,sii,ajax_t163sb20,ok,29
2013,4,cash_flow,otc,ajax_t163sb20,ok,4
2014,1,income_statement,sii,ajax_t163sb04,ok,29
2014,1,income_statement,otc,ajax_t163sb04,ok,4
2014,1,balance_sheet,sii,ajax_t163sb05,ok,29
2014,1,balance_sheet,otc,ajax_t163sb05,ok,4
2014,1,cash_flow,sii,ajax_t163sb20,ok,29
2014,1,cash_flow,otc,ajax_t163sb20,ok,4
2014,2,income_statement,sii,ajax_t163sb04,ok,29
2014,2,income_statement,otc,ajax_t163sb04,ok,4
2014,2,balance_sheet,sii,ajax_t163sb05,ok,29
2014,2,balance_sheet,otc,ajax_t163sb05,ok,4
2014,2,cash_flow,sii,ajax_t163sb20,ok,29
2014,2,cash_flow,otc,ajax_t163sb20,ok,4
2014,3,income_statement,sii,ajax_t163sb04,ok,29
2014,3,income_statement,otc,ajax_t163sb04,ok,4
2014,3,balance_sheet,sii,ajax_t163sb05,ok,29
2014,3,balance_sheet,otc,ajax_t163sb05,ok,4
2014,3,cash_flow,sii,ajax_t163sb20,ok,29
2014,3,cash_flow,otc,ajax_t163sb20,ok,4
2014,4,income_statement,sii,ajax_t163sb04,ok,29
2014,4,income_statement,otc,ajax_t163sb04,ok,4
2014,4,balance_sheet,sii,ajax_t163sb05,ok,29
2014,4,balance_sheet,otc,ajax_t163sb05,ok,4
2014,4,cash_flow,sii,ajax_t163sb20,ok,29
2014,4,cash_flow,otc,ajax_t163sb20,ok,4
2015,1,income_statement,sii,ajax_t163sb04,ok,29
2015,1,income_statement,otc,ajax_t163sb04,ok,4
2015,1,balance_sheet,sii,ajax_t163sb05,ok,29
2015,1,balance_sheet,otc,ajax_t163sb05,ok,4
2015,1,cash_flow,sii,ajax_t163sb20,ok,29
2015,1,cash_flow,otc,ajax_t163sb20,ok,4
2015,2,income_statement,sii,ajax_t163sb04,ok,29
2015,2,income_statement,otc,ajax_t163sb04,ok,4
2015,2,balance_sheet,sii,ajax_t163sb05,ok,29
2015,2,balance_sheet,otc,ajax_t163sb05,ok,4
2015,2,cash_flow,sii,ajax_t163sb20,ok,29
2015,2,cash_flow,otc,ajax_t163sb20,ok,4
2015,3,income_statement,sii,ajax_t163sb04,ok,29
2015,3,income_statement,otc,ajax_t163sb04,ok,4
2015,3,balance_sheet,sii,ajax_t163sb05,ok,29
2015,3,balance_sheet,otc,ajax_t163sb05,ok,4
2015,3,cash_flow,sii,ajax_t163sb20,ok,29
2015,3,cash_flow,otc,ajax_t163sb20,ok,4
2015,4,income_statement,sii,ajax_t163sb04,ok,30
2015,4,income_statement,otc,ajax_t163sb04,ok,5
2015,4,balance_sheet,sii,ajax_t163sb05,ok,30
2015,4,balance_sheet,otc,ajax_t163sb05,ok,5
2015,4,cash_flow,sii,ajax_t163sb20,ok,30
2015,4,cash_flow,otc,ajax_t163sb20,ok,5
2016,1,income_statement,sii,ajax_t163sb04,ok,29
2016,1,income_statement,otc,ajax_t163sb04,ok,4
2016,1,balance_sheet,sii,ajax_t163sb05,ok,29
2016,1,balance_sheet,otc,ajax_t163sb05,ok,4
2016,1,cash_flow,sii,ajax_t163sb20,ok,29
2016,1,cash_flow,otc,ajax_t163sb20,ok,4
2016,2,income_statement,sii,ajax_t163sb04,ok,29
2016,2,income_statement,otc,ajax_t163sb04,ok,5
2016,2,balance_sheet,sii,ajax_t163sb05,ok,29
2016,2,balance_sheet,otc,ajax_t163sb05,ok,5
2016,2,cash_flow,sii,ajax_t163sb20,ok,29
2016,2,cash_flow,otc,ajax_t163sb20,ok,5
2016,3,income_statement,sii,ajax_t163sb04,ok,29
2016,3,income_statement,otc,ajax_t163sb04,ok,4
2016,3,balance_sheet,sii,ajax_t163sb05,ok,29
2016,3,balance_sheet,otc,ajax_t163sb05,ok,4
2016,3,cash_flow,sii,ajax_t163sb20,ok,29
2016,3,cash_flow,otc,ajax_t163sb20,ok,4
2016,4,income_statement,sii,ajax_t163sb04,ok,30
2016,4,income_statement,otc,ajax_t163sb04,ok,5
2016,4,balance_sheet,sii,ajax_t163sb05,ok,30
2016,4,balance_sheet,otc,ajax_t163sb05,ok,5
2016,4,cash_flow,sii,ajax_t163sb20,ok,30
2016,4,cash_flow,otc,ajax_t163sb20,ok,5
2017,1,income_statement,sii,ajax_t163sb04,ok,29
2017,1,income_statement,otc,ajax_t163sb04,ok,4
2017,1,balance_sheet,sii,ajax_t163sb05,ok,29
2017,1,balance_sheet,otc,ajax_t163sb05,ok,4
2017,1,cash_flow,sii,ajax_t163sb20,ok,29
2017,1,cash_flow,otc,ajax_t163sb20,ok,4
2017,2,income_statement,sii,ajax_t163sb04,ok,30
2017,2,income_statement,otc,ajax_t163sb04,ok,5
2017,2,balance_sheet,sii,ajax_t163sb05,ok,30
2017,2,balance_sheet,otc,ajax_t163sb05,ok,5
2017,2,cash_flow,sii,ajax_t163sb20,ok,30
2017,2,cash_flow,otc,ajax_t163sb20,ok,5
2017,3,income_statement,sii,ajax_t163sb04,ok,29
2017,3,income_statement,otc,ajax_t163sb04,ok,4
2017,3,balance_sheet,sii,ajax_t163sb05,ok,29
2017,3,balance_sheet,otc,ajax_t163sb05,ok,4
2017,3,cash_flow,sii,ajax_t163sb20,ok,29
2017,3,cash_flow,otc,ajax_t163sb20,ok,4
2017,4,income_statement,sii,ajax_t163sb04,ok,30
2017,4,income_statement,otc,ajax_t163sb04,ok,5
2017,4,balance_sheet,sii,ajax_t163sb05,ok,30
2017,4,balance_sheet,otc,ajax_t163sb05,ok,5
2017,4,cash_flow,sii,ajax_t163sb20,ok,30
2017,4,cash_flow,otc,ajax_t163sb20,ok,5
2018,1,income_statement,sii,ajax_t163sb04,ok,29
2018,1,income_statement,otc,ajax_t163sb04,ok,4
2018,1,balance_sheet,sii,ajax_t163sb05,ok,29
2018,1,balance_sheet,otc,ajax_t163sb05,ok,4
2018,1,cash_flow,sii,ajax_t163sb20,ok,29
2018,1,cash_flow,otc,ajax_t163sb20,ok,4
2018,2,income_statement,sii,ajax_t163sb04,ok,31
2018,2,income_statement,otc,ajax_t163sb04,ok,5
2018,2,balance_sheet,sii,ajax_t163sb05,ok,31
2018,2,balance_sheet,otc,ajax_t163sb05,ok,5
2018,2,cash_flow,sii,ajax_t163sb20,ok,31
2018,2,cash_flow,otc,ajax_t163sb20,ok,5
2018,3,income_statement,sii,ajax_t163sb04,ok,31
2018,3,income_statement,otc,ajax_t163sb04,ok,4
2018,3,balance_sheet,sii,ajax_t163sb05,ok,31
2018,3,balance_sheet,otc,ajax_t163sb05,ok,4
2018,3,cash_flow,sii,ajax_t163sb20,ok,31
2018,3,cash_flow,otc,ajax_t163sb20,ok,4
2018,4,income_statement,sii,ajax_t163sb04,ok,31
2018,4,income_statement,otc,ajax_t163sb04,ok,5
2018,4,balance_sheet,sii,ajax_t163sb05,ok,31
2018,4,balance_sheet,otc,ajax_t163sb05,ok,5
2018,4,cash_flow,sii,ajax_t163sb20,ok,31
2018,4,cash_flow,otc,ajax_t163sb20,ok,5
2019,1,income_statement,sii,ajax_t163sb04,ok,31
2019,1,income_statement,otc,ajax_t163sb04,ok,4
2019,1,balance_sheet,sii,ajax_t163sb05,ok,31
2019,1,balance_sheet,otc,ajax_t163sb05,ok,4
2019,1,cash_flow,sii,ajax_t163sb20,ok,31
2019,1,cash_flow,otc,ajax_t163sb20,ok,4
2019,2,income_statement,sii,ajax_t163sb04,ok,31
2019,2,income_statement,otc,ajax_t163sb04,ok,5
2019,2,balance_sheet,sii,ajax_t163sb05,ok,31
2019,2,balance_sheet,otc,ajax_t163sb05,ok,5
2019,2,cash_flow,sii,ajax_t163sb20,ok,31
2019,2,cash_flow,otc,ajax_t163sb20,ok,5
2019,3,income_statement,sii,ajax_t163sb04,ok,31
2019,3,income_statement,otc,ajax_t163sb04,ok,4
2019,3,balance_sheet,sii,ajax_t163sb05,ok,31
2019,3,balance_sheet,otc,ajax_t163sb05,ok,4
2019,3,cash_flow,sii,ajax_t163sb20,ok,31
2019,3,cash_flow,otc,ajax_t163sb20,ok,4
2019,4,income_statement,sii,ajax_t163sb04,ok,31
2019,4,income_statement,otc,ajax_t163sb04,ok,5
2019,4,balance_sheet,sii,ajax_t163sb05,ok,31
2019,4,balance_sheet,otc,ajax_t163sb05,ok,5
2019,4,cash_flow,sii,ajax_t163sb20,ok,31
2019,4,cash_flow,otc,ajax_t163sb20,ok,5
2020,1,income_statement,sii,ajax_t163sb04,ok,31
2020,1,income_statement,otc,ajax_t163sb04,ok,4
2020,1,balance_sheet,sii,ajax_t163sb05,ok,31
2020,1,balance_sheet,otc,ajax_t163sb05,ok,4
2020,1,cash_flow,sii,ajax_t163sb20,ok,31
2020,1,cash_flow,otc,ajax_t163sb20,ok,4
2020,2,income_statement,sii,ajax_t163sb04,ok,31
2020,2,income_statement,otc,ajax_t163sb04,ok,5
2020,2,balance_sheet,sii,ajax_t163sb05,ok,31
2020,2,balance_sheet,otc,ajax_t163sb05,ok,5
2020,2,cash_flow,sii,ajax_t163sb20,ok,31
2020,2,cash_flow,otc,ajax_t163sb20,ok,5
2020,3,income_statement,sii,ajax_t163sb04,ok,31
2020,3,income_statement,otc,ajax_t163sb04,ok,4
2020,3,balance_sheet,sii,ajax_t163sb05,ok,31
2020,3,balance_sheet,otc,ajax_t163sb05,ok,4
2020,3,cash_flow,sii,ajax_t163sb20,ok,31
2020,3,cash_flow,otc,ajax_t163sb20,ok,4
2020,4,income_statement,sii,ajax_t163sb04,ok,31
2020,4,income_statement,otc,ajax_t163sb04,ok,5
2020,4,balance_sheet,sii,ajax_t163sb05,ok,31
2020,4,balance_sheet,otc,ajax_t163sb05,ok,5
2020,4,cash_flow,sii,ajax_t163sb20,ok,31
2020,4,cash_flow,otc,ajax_t163sb20,ok,5
2021,1,income_statement,sii,ajax_t163sb04,ok,31
2021,1,income_statement,otc,ajax_t163sb04,ok,4
2021,1,balance_sheet,sii,ajax_t163sb05,ok,31
2021,1,balance_sheet,otc,ajax_t163sb05,ok,4
2021,1,cash_flow,sii,ajax_t163sb20,ok,31
2021,1,cash_flow,otc,ajax_t163sb20,ok,4
2021,2,income_statement,sii,ajax_t163sb04,ok,31
2021,2,income_statement,otc,ajax_t163sb04,ok,5
2021,2,balance_sheet,sii,ajax_t163sb05,ok,31
2021,2,balance_sheet,otc,ajax_t163sb05,ok,5
2021,2,cash_flow,sii,ajax_t163sb20,ok,31
2021,2,cash_flow,otc,ajax_t163sb20,ok,5
2021,3,income_statement,sii,ajax_t163sb04,ok,31
2021,3,income_statement,otc,ajax_t163sb04,ok,4
2021,3,balance_sheet,sii,ajax_t163sb05,ok,31
2021,3,balance_sheet,otc,ajax_t163sb05,ok,4
2021,3,cash_flow,sii,ajax_t163sb20,ok,31
2021,3,cash_flow,otc,ajax_t163sb20,ok,4
2021,4,income_statement,sii,ajax_t163sb04,ok,31
2021,4,income_statement,otc,ajax_t163sb04,ok,5
2021,4,balance_sheet,sii,ajax_t163sb05,ok,31
2021,4,balance_sheet,otc,ajax_t163sb05,ok,5
2021,4,cash_flow,sii,ajax_t163sb20,ok,31
2021,4,cash_flow,otc,ajax_t163sb20,ok,5
2022,1,income_statement,sii,ajax_t163sb04,ok,31
2022,1,income_statement,otc,ajax_t163sb04,ok,4
2022,1,balance_sheet,sii,ajax_t163sb05,ok,31
2022,1,balance_sheet,otc,ajax_t163sb05,ok,4
2022,1,cash_flow,sii,ajax_t163sb20,ok,31
2022,1,cash_flow,otc,ajax_t163sb20,ok,4
2022,2,income_statement,sii,ajax_t163sb04,ok,31
2022,2,income_statement,otc,ajax_t163sb04,ok,5
2022,2,balance_sheet,sii,ajax_t163sb05,ok,31
2022,2,balance_sheet,otc,ajax_t163sb05,ok,5
2022,2,cash_flow,sii,ajax_t163sb20,ok,31
2022,2,cash_flow,otc,ajax_t163sb20,ok,5
2022,3,income_statement,sii,ajax_t163sb04,ok,31
2022,3,income_statement,otc,ajax_t163sb04,ok,5
2022,3,balance_sheet,sii,ajax_t163sb05,ok,31
2022,3,balance_sheet,otc,ajax_t163sb05,ok,5
2022,3,cash_flow,sii,ajax_t163sb20,ok,31
2022,3,cash_flow,otc,ajax_t163sb20,ok,5
2022,4,income_statement,sii,ajax_t163sb04,ok,31
2022,4,income_statement,otc,ajax_t163sb04,ok,5
2022,4,balance_sheet,sii,ajax_t163sb05,ok,31
2022,4,balance_sheet,otc,ajax_t163sb05,ok,5
2022,4,cash_flow,sii,ajax_t163sb20,ok,31
2022,4,cash_flow,otc,ajax_t163sb20,ok,5
2023,1,income_statement,sii,ajax_t163sb04,ok,31
2023,1,income_statement,otc,ajax_t163sb04,ok,5
2023,1,balance_sheet,sii,ajax_t163sb05,ok,31
2023,1,balance_sheet,otc,ajax_t163sb05,ok,5
2023,1,cash_flow,sii,ajax_t163sb20,ok,31
2023,1,cash_flow,otc,ajax_t163sb20,ok,5
2023,2,income_statement,sii,ajax_t163sb04,ok,31
2023,2,income_statement,otc,ajax_t163sb04,ok,5
2023,2,balance_sheet,sii,ajax_t163sb05,ok,31
2023,2,balance_sheet,otc,ajax_t163sb05,ok,5
2023,2,cash_flow,sii,ajax_t163sb20,ok,31
2023,2,cash_flow,otc,ajax_t163sb20,ok,5
2023,3,income_statement,sii,ajax_t163sb04,ok,31
2023,3,income_statement,otc,ajax_t163sb04,ok,5
2023,3,balance_sheet,sii,ajax_t163sb05,ok,31
2023,3,balance_sheet,otc,ajax_t163sb05,ok,5
2023,3,cash_flow,sii,ajax_t163sb20,ok,31
2023,3,cash_flow,otc,ajax_t163sb20,ok,5
2023,4,income_statement,sii,ajax_t163sb04,ok,31
2023,4,income_statement,otc,ajax_t163sb04,ok,5
2023,4,balance_sheet,sii,ajax_t163sb05,ok,31
2023,4,balance_sheet,otc,ajax_t163sb05,ok,5
2023,4,cash_flow,sii,ajax_t163sb20,ok,31
2023,4,cash_flow,otc,ajax_t163sb20,ok,5
2024,1,income_statement,sii,ajax_t163sb04,ok,31
2024,1,income_statement,otc,ajax_t163sb04,ok,5
2024,1,balance_sheet,sii,ajax_t163sb05,ok,31
2024,1,balance_sheet,otc,ajax_t163sb05,ok,5
2024,1,cash_flow,sii,ajax_t163sb20,ok,31
2024,1,cash_flow,otc,ajax_t163sb20,ok,5
2024,2,income_statement,sii,ajax_t163sb04,ok,31
2024,2,income_statement,otc,ajax_t163sb04,ok,5
2024,2,balance_sheet,sii,ajax_t163sb05,ok,31
2024,2,balance_sheet,otc,ajax_t163sb05,ok,5
2024,2,cash_flow,sii,ajax_t163sb20,ok,31
2024,2,cash_flow,otc,ajax_t163sb20,ok,5
2024,3,income_statement,sii,ajax_t163sb04,ok,31
2024,3,income_statement,otc,ajax_t163sb04,ok,5
2024,3,balance_sheet,sii,ajax_t163sb05,ok,31
2024,3,balance_sheet,otc,ajax_t163sb05,ok,5
2024,3,cash_flow,sii,ajax_t163sb20,ok,31
2024,3,cash_flow,otc,ajax_t163sb20,ok,5
2024,4,income_statement,sii,ajax_t163sb04,ok,31
2024,4,income_statement,otc,ajax_t163sb04,ok,5
2024,4,balance_sheet,sii,ajax_t163sb05,ok,31
2024,4,balance_sheet,otc,ajax_t163sb05,ok,5
2024,4,cash_flow,sii,ajax_t163sb20,ok,31
2024,4,cash_flow,otc,ajax_t163sb20,ok,5
2025,1,income_statement,sii,ajax_t163sb04,ok,31
2025,1,income_statement,otc,ajax_t163sb04,ok,5
2025,1,balance_sheet,sii,ajax_t163sb05,ok,31
2025,1,balance_sheet,otc,ajax_t163sb05,ok,5
2025,1,cash_flow,sii,ajax_t163sb20,ok,31
2025,1,cash_flow,otc,ajax_t163sb20,ok,5
2025,2,income_statement,sii,ajax_t163sb04,ok,31
2025,2,income_statement,otc,ajax_t163sb04,ok,5
2025,2,balance_sheet,sii,ajax_t163sb05,ok,31
2025,2,balance_sheet,otc,ajax_t163sb05,ok,5
2025,2,cash_flow,sii,ajax_t163sb20,ok,31
2025,2,cash_flow,otc,ajax_t163sb20,ok,5
2025,3,income_statement,sii,ajax_t163sb04,ok,31
2025,3,income_statement,otc,ajax_t163sb04,ok,5
2025,3,balance_sheet,sii,ajax_t163sb05,ok,31
2025,3,balance_sheet,otc,ajax_t163sb05,ok,5
2025,3,cash_flow,sii,ajax_t163sb20,ok,31
2025,3,cash_flow,otc,ajax_t163sb20,ok,5
2025,4,income_statement,sii,ajax_t163sb04,ok,31
2025,4,income_statement,otc,ajax_t163sb04,ok,5
2025,4,balance_sheet,sii,ajax_t163sb05,ok,31
2025,4,balance_sheet,otc,ajax_t163sb05,ok,5
2025,4,cash_flow,sii,ajax_t163sb20,ok,31
2025,4,cash_flow,otc,ajax_t163sb20,ok,5
2026,1,income_statement,sii,ajax_t163sb04,ok,31
2026,1,income_statement,otc,ajax_t163sb04,ok,5
2026,1,balance_sheet,sii,ajax_t163sb05,ok,31
2026,1,balance_sheet,otc,ajax_t163sb05,ok,5
2026,1,cash_flow,sii,ajax_t163sb20,ok,31
2026,1,cash_flow,otc,ajax_t163sb20,ok,5
2026,2,income_statement,sii,ajax_t163sb04,ok,31
2026,2,income_statement,otc,ajax_t163sb04,ok,5
2026,2,balance_sheet,sii,ajax_t163sb05,ok,31
2026,2,balance_sheet,otc,ajax_t163sb05,ok,5
2026,2,cash_flow,sii,ajax_t163sb20,ok,31
2026,2,cash_flow,otc,ajax_t163sb20,ok,5
